epoch,time,train/box_loss,train/cls_loss,train/dfl_loss,metrics/precision(B),metrics/recall(B),metrics/mAP50(B),metrics/mAP50-95(B),val/box_loss,val/cls_loss,val/dfl_loss,lr/pg0,lr/pg1,lr/pg2
1,3.10097,2.69307,13.3382,1.17048,0,0,0,0,2.43349,6.85282,1.12473,0.00025,0.00025,0.00025
2,5.74131,2.53955,9.80647,1.18758,0,0,0,0,2.56547,6.64827,1.37124,0.000510471,0.000510471,0.000510471
3,8.37784,2.48634,10.5295,1.08546,0,0,0,0,2.66752,7.10736,1.30936,0.000768862,0.000768862,0.000768862
4,10.9882,2.59882,8.69988,1.22941,0.00098,0.07143,0.04964,0.01325,2.66736,6.56598,1.24279,0.00102517,0.00102517,0.00102517
5,13.8145,2.38224,8.08563,1.13907,0.00353,0.45029,0.20231,0.07324,2.51537,5.90352,1.23002,0.0012302,0.0012302,0.0012302
6,16.4197,2.57298,7.82909,1.20185,0.95447,0.04051,0.21664,0.0803,2.54754,5.00146,1.23567,0.00122525,0.00122525,0.00122525
7,19.0069,2.41927,7.57601,1.13052,0.7987,0.20395,0.22552,0.08683,2.62906,3.41852,1.35326,0.0012203,0.0012203,0.0012203
8,21.6235,2.62465,6.93248,1.18621,0.84473,0.24752,0.32155,0.12678,2.35086,2.44806,1.19304,0.00121535,0.00121535,0.00121535
9,24.2096,2.4872,6.00235,1.16082,0.83417,0.35855,0.3872,0.17645,2.24405,2.28953,1.28782,0.0012104,0.0012104,0.0012104
10,26.8225,2.45477,5.21899,1.23903,0.56501,0.2713,0.30137,0.09791,2.54809,2.52549,1.26804,0.00120545,0.00120545,0.00120545
11,29.3984,2.48074,5.27887,1.14083,0.86197,0.29229,0.31967,0.11799,2.37494,2.39247,1.22703,0.0012005,0.0012005,0.0012005
12,31.9979,2.38261,4.60198,1.26048,0.67267,0.29862,0.33177,0.09218,2.57224,2.31358,1.39169,0.00119555,0.00119555,0.00119555
13,34.5828,2.38656,4.31928,1.16366,0.60404,0.40936,0.41519,0.14732,2.49834,2.075,1.25121,0.0011906,0.0011906,0.0011906
14,37.1652,2.38225,4.00759,1.07817,0.58621,0.39004,0.3606,0.10997,2.45503,2.32637,1.2562,0.00118565,0.00118565,0.00118565
15,39.919,2.42088,3.8455,1.19704,0.84742,0.29699,0.34381,0.09788,2.64581,2.35782,1.27856,0.0011807,0.0011807,0.0011807
16,42.5119,2.33081,3.6662,1.11742,0.43867,0.42431,0.34755,0.14116,2.5333,2.22265,1.2875,0.00117575,0.00117575,0.00117575
17,45.1044,2.27909,3.25049,1.08795,0.42431,0.51534,0.38206,0.16637,2.24488,1.99822,1.30745,0.0011708,0.0011708,0.0011708
18,47.6778,2.24899,3.4325,1.1742,0.86955,0.44831,0.50838,0.23827,2.31437,2.03924,1.29564,0.00116585,0.00116585,0.00116585
19,50.2601,2.25911,2.90364,1.15861,0.57889,0.4634,0.39964,0.17522,2.3958,2.13959,1.34665,0.0011609,0.0011609,0.0011609
20,52.9236,2.15191,2.9178,1.14147,0.85846,0.31804,0.35939,0.12245,2.56481,2.24339,1.29992,0.00115595,0.00115595,0.00115595
21,55.5164,2.25387,2.66261,1.17116,0.60661,0.42623,0.4093,0.1687,2.44614,2.25779,1.30083,0.001151,0.001151,0.001151
22,58.1092,2.27366,2.68744,1.21121,0.6655,0.49671,0.4607,0.17325,2.42981,2.18272,1.25037,0.00114605,0.00114605,0.00114605
23,60.7001,2.18326,2.6269,1.16689,0.46352,0.39103,0.42829,0.17615,2.37079,2.03132,1.38192,0.0011411,0.0011411,0.0011411
24,63.275,2.19217,2.46298,1.01588,0.40706,0.32544,0.32692,0.12967,2.36433,2.0119,1.31655,0.00113615,0.00113615,0.00113615
25,65.9861,2.15179,2.29451,1.15658,0.52977,0.39921,0.43224,0.16165,2.46227,2.0352,1.32144,0.0011312,0.0011312,0.0011312
26,68.5875,2.21081,2.29479,1.09009,0.38212,0.44883,0.39167,0.13458,2.38779,2.5267,1.32722,0.00112625,0.00112625,0.00112625
27,71.1806,2.10238,2.30097,1.12862,0.62627,0.4494,0.50524,0.23407,2.19203,1.97906,1.19512,0.0011213,0.0011213,0.0011213
28,73.7835,2.17759,2.20116,1.09519,0.34347,0.45974,0.41175,0.17319,2.26743,1.994,1.2348,0.00111635,0.00111635,0.00111635
29,76.3457,1.90748,1.96863,1.06119,0.54934,0.47807,0.45336,0.21554,2.30784,1.95725,1.37052,0.0011114,0.0011114,0.0011114
30,78.8971,2.25234,2.15752,1.13234,0.47587,0.46022,0.4782,0.20808,2.22962,1.91418,1.2255,0.00110645,0.00110645,0.00110645
31,81.4773,2.23879,2.03319,1.06145,0.53413,0.53216,0.46375,0.17232,2.31646,1.7904,1.18811,0.0011015,0.0011015,0.0011015
32,84.0888,2.0934,1.99488,1.22348,0.46703,0.54142,0.45359,0.1756,2.47214,1.67746,1.28845,0.00109655,0.00109655,0.00109655
33,86.7145,2.03851,1.81523,1.05306,0.59241,0.46298,0.45445,0.19276,2.28755,1.75435,1.27082,0.0010916,0.0010916,0.0010916
34,89.2644,2.11712,1.86319,1.01689,0.42416,0.42727,0.41166,0.15423,2.42001,2.01591,1.32867,0.00108665,0.00108665,0.00108665
35,91.9861,1.96744,1.85114,1.05949,0.4458,0.43197,0.4449,0.17604,2.20412,1.95286,1.21659,0.0010817,0.0010817,0.0010817
36,94.5822,2.07978,1.81622,1.10405,0.40498,0.41062,0.43197,0.15528,2.40179,2.04241,1.28366,0.00107675,0.00107675,0.00107675
37,97.1674,1.99066,1.85614,1.08705,0.61834,0.35323,0.40729,0.15353,2.14381,2.01403,1.20945,0.0010718,0.0010718,0.0010718
38,99.7682,2.06656,1.92224,1.14883,0.50234,0.48189,0.47922,0.20471,2.38808,1.97477,1.29385,0.00106685,0.00106685,0.00106685
39,102.339,2.10026,1.81619,1.11845,0.47996,0.49869,0.49141,0.17013,2.24277,1.84443,1.27458,0.0010619,0.0010619,0.0010619
40,104.945,2.08222,1.94013,1.08897,0.45844,0.46557,0.42276,0.17452,2.30855,2.26087,1.24526,0.00105695,0.00105695,0.00105695
41,107.512,2.10125,1.82129,1.17354,0.51126,0.49911,0.45907,0.17125,2.27924,2.08574,1.23042,0.001052,0.001052,0.001052
42,110.094,1.97994,1.71109,1.07829,0.6828,0.57867,0.59076,0.22642,2.18246,1.6623,1.23829,0.00104705,0.00104705,0.00104705
43,112.656,1.95979,1.62717,1.09778,0.43937,0.5031,0.46296,0.19901,2.26235,1.75126,1.30795,0.0010421,0.0010421,0.0010421
44,115.286,1.91143,1.73368,1.08567,0.70272,0.5878,0.61516,0.24952,2.10233,1.59223,1.18999,0.00103715,0.00103715,0.00103715
45,118.168,1.91293,1.57595,1.02287,0.53172,0.66373,0.54747,0.2547,2.07091,1.50014,1.1837,0.0010322,0.0010322,0.0010322
46,120.76,2.09462,1.88237,1.11226,0.42119,0.45452,0.38717,0.17414,2.19864,1.90232,1.23081,0.00102725,0.00102725,0.00102725
47,123.356,2.01966,1.53303,1.09739,0.48982,0.48554,0.50071,0.23316,2.18328,1.8225,1.24628,0.0010223,0.0010223,0.0010223
48,125.985,2.02759,1.61021,1.15012,0.6211,0.66941,0.59609,0.25242,2.01672,1.67712,1.22064,0.00101735,0.00101735,0.00101735
49,128.58,1.94809,1.50626,1.05735,0.45217,0.60359,0.48963,0.19879,2.14635,1.55756,1.29264,0.0010124,0.0010124,0.0010124
50,131.18,1.92222,1.39861,1.00125,0.68409,0.4732,0.53644,0.23962,2.14983,1.60791,1.23753,0.00100745,0.00100745,0.00100745
51,133.77,1.91268,1.52061,1.0255,0.80007,0.59884,0.62739,0.27352,2.08218,1.47441,1.16643,0.0010025,0.0010025,0.0010025
52,136.362,1.91156,1.48161,1.00188,0.72435,0.58097,0.64799,0.28531,2.12667,1.41593,1.14197,0.00099755,0.00099755,0.00099755
53,138.982,1.96016,1.53553,1.02037,0.73992,0.54138,0.62008,0.27333,2.09962,1.66274,1.2549,0.0009926,0.0009926,0.0009926
54,141.545,1.79381,1.41686,1.02461,0.46643,0.57568,0.50235,0.21824,2.16379,1.69398,1.22395,0.00098765,0.00098765,0.00098765
55,144.259,1.82709,1.47657,1.04763,0.55056,0.58465,0.57456,0.26694,2.11368,1.51612,1.20297,0.0009827,0.0009827,0.0009827
56,146.836,1.89503,1.47446,1.007,0.50129,0.6361,0.55689,0.24663,2.22282,1.62367,1.24522,0.00097775,0.00097775,0.00097775
57,149.388,1.88197,1.48379,1.05812,0.64397,0.48393,0.52514,0.2485,2.10164,1.65701,1.13655,0.0009728,0.0009728,0.0009728
58,151.927,1.93135,1.47764,1.07112,0.54009,0.52125,0.52329,0.22911,2.12789,1.65798,1.17132,0.00096785,0.00096785,0.00096785
59,154.465,1.88594,1.43204,1.08242,0.66257,0.55248,0.53002,0.2537,2.17518,1.62112,1.24472,0.0009629,0.0009629,0.0009629
60,157.029,1.75844,1.35349,0.95414,0.4895,0.48758,0.51223,0.19874,2.21323,1.66414,1.19499,0.00095795,0.00095795,0.00095795
61,159.586,1.82305,1.44409,0.98696,0.56579,0.5214,0.54661,0.25492,2.10801,1.58601,1.21709,0.000953,0.000953,0.000953
62,162.138,1.75037,1.3515,1.00608,0.51467,0.51232,0.53614,0.23075,1.99786,1.63934,1.11209,0.00094805,0.00094805,0.00094805
63,164.723,1.97931,1.43009,1.06995,0.5532,0.42378,0.47197,0.18954,2.2433,1.68896,1.29055,0.0009431,0.0009431,0.0009431
64,167.432,1.93408,1.39792,1.08613,0.55491,0.48891,0.4319,0.19365,2.3073,1.65595,1.29778,0.00093815,0.00093815,0.00093815
65,170.014,1.80793,1.40599,1.02885,0.53108,0.63105,0.52342,0.21717,2.08882,1.55676,1.18781,0.0009332,0.0009332,0.0009332
66,172.601,1.80112,1.37543,1.01822,0.66619,0.58275,0.58849,0.26009,2.15319,1.56033,1.26324,0.00092825,0.00092825,0.00092825
67,175.153,1.78598,1.39388,1.03695,0.77836,0.58018,0.64181,0.29363,2.15477,1.50285,1.3671,0.0009233,0.0009233,0.0009233
68,177.793,1.76698,1.3495,0.98502,0.66652,0.58525,0.65355,0.25818,2.20969,1.5916,1.2157,0.00091835,0.00091835,0.00091835
69,180.364,1.7693,1.30517,0.99432,0.65621,0.63214,0.66758,0.30193,2.19107,1.43503,1.26008,0.0009134,0.0009134,0.0009134
70,182.962,1.73048,1.29848,0.98594,0.57794,0.55895,0.58056,0.24312,2.36105,1.45595,1.33986,0.00090845,0.00090845,0.00090845
71,185.524,1.82035,1.41421,1.05571,0.62847,0.72352,0.67037,0.30534,2.11381,1.38106,1.18911,0.0009035,0.0009035,0.0009035
72,188.115,1.77013,1.37004,1.06159,0.65445,0.62922,0.60249,0.26558,2.13217,1.47997,1.20968,0.00089855,0.00089855,0.00089855
73,190.844,1.86427,1.41209,1.02421,0.57503,0.46345,0.48482,0.20867,2.15003,1.61744,1.22065,0.0008936,0.0008936,0.0008936
74,193.42,1.76503,1.2183,1.00994,0.79659,0.51591,0.61056,0.25777,2.16386,1.58805,1.19574,0.00088865,0.00088865,0.00088865
75,195.972,1.65668,1.19673,0.98031,0.77316,0.60254,0.63465,0.31639,2.27464,1.70982,1.25034,0.0008837,0.0008837,0.0008837
76,198.567,1.80488,1.27031,1.01146,0.75556,0.56347,0.59801,0.2575,2.40777,1.78222,1.28392,0.00087875,0.00087875,0.00087875
77,201.098,1.84354,1.32329,1.0086,0.57706,0.63262,0.57071,0.24662,2.1601,1.90626,1.18993,0.0008738,0.0008738,0.0008738
78,203.664,1.75697,1.22757,1.02886,0.52517,0.65041,0.57477,0.22583,2.3244,1.70685,1.38992,0.00086885,0.00086885,0.00086885
79,206.276,1.70168,1.19998,0.94439,0.51758,0.55702,0.55306,0.23296,2.10809,1.70394,1.21118,0.0008639,0.0008639,0.0008639
80,208.857,1.71951,1.34215,0.94972,0.60431,0.54704,0.57164,0.26642,2.08846,1.69814,1.29264,0.00085895,0.00085895,0.00085895
81,211.426,1.76025,1.2638,0.99788,0.44523,0.63038,0.49178,0.20003,2.19598,1.63846,1.33254,0.000854,0.000854,0.000854
82,213.978,1.83538,1.26471,1.03107,0.7778,0.59848,0.60888,0.23956,2.10871,1.59648,1.25726,0.00084905,0.00084905,0.00084905
83,216.681,1.79778,1.25281,1.04086,0.53922,0.52694,0.48931,0.18186,2.16279,1.60291,1.25734,0.0008441,0.0008441,0.0008441
84,219.298,1.79219,1.22901,1.01185,0.62718,0.6403,0.62034,0.27068,2.10107,1.46116,1.22621,0.00083915,0.00083915,0.00083915
85,221.873,1.70894,1.23954,0.98666,0.58106,0.54801,0.57393,0.22692,2.13628,1.52379,1.18803,0.0008342,0.0008342,0.0008342
86,224.422,1.8063,1.18928,0.96978,0.58139,0.50077,0.53001,0.21014,2.12777,1.74642,1.23212,0.00082925,0.00082925,0.00082925
87,226.992,1.75156,1.17164,0.93892,0.72446,0.45677,0.52655,0.18981,2.21222,1.78384,1.24452,0.0008243,0.0008243,0.0008243
88,229.552,1.78131,1.22717,1.03839,0.56771,0.55945,0.52593,0.20558,2.21468,1.54919,1.25343,0.00081935,0.00081935,0.00081935
89,232.124,1.75625,1.08685,0.96013,0.74754,0.50231,0.56821,0.19833,2.32401,1.67527,1.29871,0.0008144,0.0008144,0.0008144
90,234.673,1.68041,1.24641,0.95288,0.63955,0.54735,0.57437,0.2123,2.15897,1.6747,1.29192,0.00080945,0.00080945,0.00080945
91,237.26,1.74424,1.09798,0.96019,0.79962,0.56906,0.6128,0.26096,2.07289,1.51431,1.1753,0.0008045,0.0008045,0.0008045
92,240.1,1.69277,1.06722,0.91209,0.69123,0.66662,0.67688,0.28601,2.08408,1.40025,1.3096,0.00079955,0.00079955,0.00079955
93,242.682,1.73543,1.20263,1.006,0.72564,0.60065,0.66382,0.27796,2.07034,1.47361,1.20796,0.0007946,0.0007946,0.0007946
94,245.295,1.55927,1.08359,0.9256,0.51358,0.57305,0.50755,0.21652,2.17618,1.50325,1.20816,0.00078965,0.00078965,0.00078965
95,247.859,1.66786,1.07257,0.99744,0.58873,0.64291,0.55405,0.23217,2.14669,1.56564,1.27269,0.0007847,0.0007847,0.0007847
96,250.467,1.5984,1.09694,0.93893,0.66571,0.71326,0.65567,0.28828,2.04496,1.39116,1.26522,0.00077975,0.00077975,0.00077975
97,253.087,1.77904,1.15519,0.97319,0.64151,0.60208,0.56068,0.25909,2.15042,1.49178,1.26343,0.0007748,0.0007748,0.0007748
98,255.663,1.54153,1.03136,0.99413,0.56126,0.64747,0.58527,0.2648,2.10989,1.47882,1.30369,0.00076985,0.00076985,0.00076985
99,258.257,1.6316,1.12145,1.01324,0.66798,0.65526,0.62872,0.27233,2.12162,1.42412,1.29512,0.0007649,0.0007649,0.0007649
100,260.883,1.72939,1.06751,0.94417,0.70008,0.67283,0.69063,0.27102,2.13939,1.52207,1.25973,0.00075995,0.00075995,0.00075995
101,263.639,1.64727,1.15749,0.96839,0.5496,0.54698,0.54369,0.23934,2.11499,1.52007,1.2926,0.000755,0.000755,0.000755
102,266.204,1.71773,1.20978,0.94914,0.73536,0.61477,0.64897,0.2754,2.01944,1.47236,1.30266,0.00075005,0.00075005,0.00075005
103,268.781,1.6233,1.19019,0.97941,0.53016,0.63998,0.56971,0.24862,2.11209,1.51733,1.30393,0.0007451,0.0007451,0.0007451
104,271.349,1.65921,1.07521,0.99232,0.56797,0.66339,0.60288,0.25749,2.09431,1.47744,1.23796,0.00074015,0.00074015,0.00074015
105,273.907,1.60044,0.97285,0.98484,0.64715,0.68069,0.64532,0.26054,2.09107,1.4097,1.2596,0.0007352,0.0007352,0.0007352
106,276.472,1.6943,1.13421,0.99027,0.68948,0.58972,0.61343,0.25395,2.11769,1.54799,1.20729,0.00073025,0.00073025,0.00073025
107,279.012,1.52877,1.05407,0.94437,0.71469,0.62062,0.62093,0.25605,2.15802,1.56255,1.27341,0.0007253,0.0007253,0.0007253
108,281.57,1.61232,1.06299,0.95552,0.69503,0.60173,0.66373,0.29507,2.01249,1.55861,1.21815,0.00072035,0.00072035,0.00072035
109,284.137,1.5371,0.99452,0.93878,0.52238,0.65048,0.63685,0.28002,2.12798,1.5361,1.3023,0.0007154,0.0007154,0.0007154
110,286.693,1.69437,1.09526,0.94826,0.86816,0.54135,0.61932,0.23695,2.0735,1.49689,1.24672,0.00071045,0.00071045,0.00071045
111,289.416,1.55873,0.98703,0.93751,0.65421,0.65594,0.63767,0.27041,2.0848,1.38411,1.2578,0.0007055,0.0007055,0.0007055
112,292.017,1.61944,0.99711,0.98436,0.76643,0.63732,0.68398,0.29962,2.09347,1.30315,1.34895,0.00070055,0.00070055,0.00070055
113,294.584,1.57603,1.07387,1.00245,0.68909,0.59181,0.65894,0.28073,2.11628,1.29425,1.29777,0.0006956,0.0006956,0.0006956
114,297.16,1.56434,0.93943,0.94706,0.59317,0.67403,0.6515,0.29244,2.05379,1.40217,1.16662,0.00069065,0.00069065,0.00069065
115,299.781,1.58878,1.0048,0.94904,0.68666,0.58727,0.65703,0.28773,2.03955,1.45599,1.24249,0.0006857,0.0006857,0.0006857
116,302.371,1.60435,0.99311,0.96495,0.60664,0.65173,0.61449,0.25828,2.141,1.35221,1.31767,0.00068075,0.00068075,0.00068075
117,304.959,1.58513,1.02415,0.96526,0.6461,0.61686,0.57728,0.2476,2.18055,1.50944,1.30426,0.0006758,0.0006758,0.0006758
118,307.554,1.72048,1.00113,0.90884,0.6188,0.61153,0.6145,0.26827,2.16541,1.6046,1.32594,0.00067085,0.00067085,0.00067085
119,310.164,1.59062,1.00069,0.90844,0.56954,0.55182,0.54903,0.234,2.11996,1.67787,1.29761,0.0006659,0.0006659,0.0006659
120,312.905,1.64302,0.98686,0.94895,0.55437,0.54085,0.51079,0.20234,2.14242,1.7037,1.22227,0.00066095,0.00066095,0.00066095
121,315.49,1.75,1.06004,0.97242,0.63868,0.42632,0.5506,0.23488,2.03655,1.6137,1.19991,0.000656,0.000656,0.000656
122,318.066,1.66488,0.97348,0.89041,0.60533,0.60245,0.56809,0.22505,2.04256,1.42466,1.16062,0.00065105,0.00065105,0.00065105
123,320.688,1.55112,0.97871,0.98076,0.69784,0.60284,0.61299,0.27776,1.97139,1.38257,1.18694,0.0006461,0.0006461,0.0006461
124,323.304,1.57915,0.96734,0.91005,0.57578,0.55593,0.5939,0.27709,1.99464,1.53498,1.18531,0.00064115,0.00064115,0.00064115
125,325.901,1.56315,0.99503,0.95169,0.68297,0.68352,0.663,0.28581,1.91048,1.43327,1.13579,0.0006362,0.0006362,0.0006362
126,328.507,1.55908,0.99268,0.91652,0.65199,0.68865,0.58012,0.24326,1.93629,1.43296,1.13757,0.00063125,0.00063125,0.00063125
127,331.085,1.58295,1.02829,0.96887,0.58542,0.67403,0.57355,0.22977,1.9516,1.42824,1.23968,0.0006263,0.0006263,0.0006263
128,333.676,1.45638,0.90692,0.88462,0.59574,0.55921,0.53934,0.22325,2.05778,1.62136,1.28488,0.00062135,0.00062135,0.00062135
129,336.398,1.62445,0.97186,0.97687,0.55927,0.55373,0.55913,0.22946,2.02129,1.71141,1.23617,0.0006164,0.0006164,0.0006164
130,339.005,1.52472,0.95344,0.91855,0.8644,0.54324,0.63267,0.28224,2.00428,1.48112,1.22967,0.00061145,0.00061145,0.00061145
131,341.596,1.52065,0.92265,0.96614,0.76496,0.55743,0.60275,0.25699,2.04126,1.43612,1.18646,0.0006065,0.0006065,0.0006065
132,344.198,1.53023,0.97718,0.94273,0.62751,0.57905,0.6491,0.27151,2.02091,1.43928,1.22478,0.00060155,0.00060155,0.00060155
133,346.784,1.55439,0.94287,0.93049,0.67589,0.6137,0.58355,0.25502,2.08606,1.48624,1.2546,0.0005966,0.0005966,0.0005966
134,349.389,1.57286,1.00938,0.95637,0.71396,0.60472,0.66995,0.31222,2.00909,1.4649,1.26974,0.00059165,0.00059165,0.00059165
135,351.968,1.54608,0.96782,0.91292,0.61263,0.59691,0.64135,0.30905,1.89878,1.40646,1.16266,0.0005867,0.0005867,0.0005867
136,354.6,1.57129,1.06154,1.0093,0.58809,0.70181,0.61208,0.28074,1.97185,1.42257,1.12547,0.00058175,0.00058175,0.00058175
137,357.185,1.46803,0.90418,0.91603,0.71911,0.67403,0.63801,0.31545,1.97525,1.46689,1.26596,0.0005768,0.0005768,0.0005768
138,359.761,1.5885,0.90035,0.93015,0.72323,0.70817,0.67158,0.30707,2.00644,1.35396,1.2944,0.00057185,0.00057185,0.00057185
139,362.51,1.44265,0.89879,0.93624,0.78362,0.68719,0.70278,0.29191,2.00259,1.39464,1.27771,0.0005669,0.0005669,0.0005669
140,365.159,1.44183,0.90846,0.91216,0.71098,0.71496,0.65124,0.29855,2.00695,1.38676,1.24898,0.00056195,0.00056195,0.00056195
141,367.789,1.43551,0.85292,0.90972,0.6872,0.67858,0.67786,0.29413,2.03407,1.41374,1.30578,0.000557,0.000557,0.000557
142,370.356,1.43348,0.93275,0.95033,0.72588,0.53616,0.61268,0.28265,2.05112,1.46174,1.33474,0.00055205,0.00055205,0.00055205
143,372.93,1.47429,0.92169,0.92613,0.49777,0.63701,0.55363,0.24071,2.08608,1.49082,1.26405,0.0005471,0.0005471,0.0005471
144,375.48,1.36121,0.83395,0.88707,0.60546,0.64056,0.61036,0.25893,1.98624,1.5236,1.14793,0.00054215,0.00054215,0.00054215
145,378,1.47824,0.85752,0.90477,0.79202,0.63366,0.64143,0.27011,2.02058,1.55355,1.19313,0.0005372,0.0005372,0.0005372
146,380.539,1.45417,0.92709,0.87966,0.66186,0.6713,0.69791,0.30705,2.00587,1.39609,1.21446,0.00053225,0.00053225,0.00053225
147,383.16,1.47122,0.90364,0.90881,0.76373,0.62725,0.7026,0.33302,1.9598,1.27499,1.21877,0.0005273,0.0005273,0.0005273
148,385.872,1.49161,0.89994,0.90343,0.75938,0.67378,0.67103,0.30066,1.93833,1.38137,1.20643,0.00052235,0.00052235,0.00052235
149,388.467,1.44641,0.86232,0.90267,0.72999,0.61153,0.61964,0.25956,1.9873,1.49691,1.21359,0.0005174,0.0005174,0.0005174
150,391.149,1.56708,0.95007,0.93348,0.64192,0.49447,0.57508,0.26118,1.97614,1.58274,1.18026,0.00051245,0.00051245,0.00051245
151,393.733,1.48121,0.9251,0.93803,0.76685,0.53702,0.58582,0.25536,1.9706,1.64348,1.17118,0.0005075,0.0005075,0.0005075
152,396.3,1.54379,0.92223,0.93662,0.63486,0.57777,0.58971,0.2577,1.92418,1.62943,1.10691,0.00050255,0.00050255,0.00050255
153,398.852,1.4245,0.88581,0.93286,0.58276,0.70476,0.58858,0.25715,1.99025,1.53307,1.19904,0.0004976,0.0004976,0.0004976
154,401.385,1.53123,0.88829,0.92871,0.59248,0.63732,0.58703,0.26074,2.00038,1.48382,1.23257,0.00049265,0.00049265,0.00049265
155,403.857,1.49361,0.855,0.90488,0.69324,0.63732,0.63538,0.30633,2.02312,1.54595,1.22708,0.0004877,0.0004877,0.0004877
156,406.365,1.54129,0.90854,0.92758,0.55837,0.67403,0.6576,0.30791,2.01052,1.51512,1.27178,0.00048275,0.00048275,0.00048275
157,408.874,1.52549,0.90882,0.90999,0.51262,0.66609,0.62651,0.29455,2.04346,1.43294,1.26877,0.0004778,0.0004778,0.0004778
158,411.466,1.33147,0.836,0.87476,0.57729,0.70604,0.65664,0.30233,2.01688,1.38294,1.28906,0.00047285,0.00047285,0.00047285
159,413.935,1.52776,0.87822,0.88214,0.6989,0.5216,0.62971,0.27261,2.03613,1.43382,1.2771,0.0004679,0.0004679,0.0004679
160,416.447,1.45455,0.88829,0.91577,0.61315,0.59691,0.64533,0.29512,2.0117,1.45995,1.27184,0.00046295,0.00046295,0.00046295
161,418.953,1.4234,0.85088,0.9207,0.61639,0.71618,0.67326,0.29961,2.08136,1.40923,1.25744,0.000458,0.000458,0.000458
162,421.547,1.41772,0.84436,0.90956,0.765,0.72414,0.71227,0.34994,1.99247,1.25723,1.20133,0.00045305,0.00045305,0.00045305
163,424.056,1.37017,0.83205,0.89467,0.54076,0.71074,0.65385,0.29426,1.93702,1.27479,1.20358,0.0004481,0.0004481,0.0004481
164,426.571,1.51843,0.94472,0.94139,0.60218,0.49499,0.62403,0.28007,1.90555,1.50518,1.12126,0.00044315,0.00044315,0.00044315
165,429.061,1.37452,0.79743,0.87511,0.67101,0.5323,0.61038,0.2579,1.96085,1.58717,1.15707,0.0004382,0.0004382,0.0004382
166,431.564,1.52266,0.89645,0.93992,0.62848,0.55697,0.53624,0.23367,1.98958,1.52899,1.12375,0.00043325,0.00043325,0.00043325
167,434.214,1.45903,0.88458,0.92259,0.70736,0.53582,0.58938,0.25346,1.86397,1.65182,1.15293,0.0004283,0.0004283,0.0004283
168,436.715,1.33596,0.76568,0.86937,0.64679,0.54187,0.57126,0.24224,1.99144,1.81167,1.21066,0.00042335,0.00042335,0.00042335
169,439.198,1.30886,0.83636,0.9126,0.6382,0.55452,0.56942,0.2384,2.00072,1.76917,1.16191,0.0004184,0.0004184,0.0004184
170,441.698,1.43123,0.85365,0.87904,0.68989,0.58558,0.60344,0.25366,1.97162,1.67792,1.16531,0.00041345,0.00041345,0.00041345
171,444.193,1.33315,0.77244,0.88057,0.68266,0.58798,0.618,0.267,2.03658,1.63246,1.1972,0.0004085,0.0004085,0.0004085
172,446.683,1.43582,0.80241,0.90209,0.77398,0.58374,0.65204,0.30213,1.98386,1.57528,1.17375,0.00040355,0.00040355,0.00040355
173,449.209,1.4559,0.8696,0.918,0.70476,0.5724,0.614,0.27793,1.98694,1.52512,1.14759,0.0003986,0.0003986,0.0003986
174,451.739,1.28654,0.77888,0.907,0.68495,0.58375,0.62159,0.28059,2.01781,1.54446,1.16349,0.00039365,0.00039365,0.00039365
175,454.239,1.421,0.83734,0.89534,0.67732,0.62469,0.61776,0.2691,2.08146,1.63347,1.21947,0.0003887,0.0003887,0.0003887
176,456.726,1.38432,0.79809,0.868,0.63623,0.62469,0.63043,0.27625,2.12587,1.7037,1.19517,0.00038375,0.00038375,0.00038375
177,459.196,1.40291,0.85049,0.87065,0.6588,0.55079,0.60422,0.27877,2.1078,1.67069,1.20866,0.0003788,0.0003788,0.0003788
178,461.824,1.25883,0.80297,0.86574,0.67866,0.55552,0.61301,0.30028,2.04855,1.49356,1.18349,0.00037385,0.00037385,0.00037385
179,464.361,1.43926,0.86493,0.91648,0.66971,0.55898,0.61192,0.28171,2.05054,1.5233,1.17704,0.0003689,0.0003689,0.0003689
180,466.933,1.38505,0.79761,0.90104,0.66487,0.50451,0.59629,0.29367,2.0152,1.58936,1.17962,0.00036395,0.00036395,0.00036395
181,469.459,1.40335,0.82796,0.88205,0.70853,0.55356,0.57178,0.26086,2.06972,1.72718,1.18844,0.000359,0.000359,0.000359
182,472.039,1.3492,0.81325,0.86788,0.69805,0.55964,0.58064,0.26585,2.04846,1.69523,1.18459,0.00035405,0.00035405,0.00035405
183,474.642,1.38516,0.78582,0.91044,0.56192,0.56913,0.61833,0.28003,2.09935,1.65805,1.20394,0.0003491,0.0003491,0.0003491
184,477.282,1.29142,0.75673,0.92682,0.6379,0.54439,0.59172,0.26425,2.02096,1.57491,1.13297,0.00034415,0.00034415,0.00034415
185,479.875,1.31115,0.85908,0.92572,0.64388,0.56778,0.63569,0.27281,2.05913,1.61915,1.13855,0.0003392,0.0003392,0.0003392
186,482.401,1.30878,0.84764,0.89842,0.6922,0.56727,0.61475,0.27789,2.06359,1.60332,1.15129,0.00033425,0.00033425,0.00033425
187,485.134,1.39883,0.82121,0.92762,0.70962,0.58632,0.63819,0.27952,2.0595,1.54658,1.16304,0.0003293,0.0003293,0.0003293
188,487.754,1.22408,0.71091,0.84298,0.7244,0.58534,0.67028,0.3062,1.93739,1.47805,1.11461,0.00032435,0.00032435,0.00032435
189,490.359,1.44135,0.81093,0.88734,0.68519,0.54133,0.61578,0.28015,1.96407,1.47157,1.12507,0.0003194,0.0003194,0.0003194
190,492.994,1.38808,0.73365,0.8988,0.79286,0.53352,0.63828,0.28308,1.93674,1.48321,1.11216,0.00031445,0.00031445,0.00031445
191,495.578,1.3461,0.77815,0.86572,0.5438,0.64536,0.59609,0.27606,1.92143,1.54607,1.12728,0.0003095,0.0003095,0.0003095
192,498.149,1.40428,0.81016,0.90849,0.54249,0.63,0.62762,0.29201,1.93625,1.51304,1.1022,0.00030455,0.00030455,0.00030455
193,500.695,1.45202,1.03303,0.94684,0.53896,0.62608,0.61761,0.27765,1.97075,1.61926,1.16819,0.0002996,0.0002996,0.0002996
194,503.224,1.30363,0.79626,0.89215,0.60839,0.58798,0.60213,0.26644,1.98069,1.72507,1.17188,0.00029465,0.00029465,0.00029465
195,505.821,1.35776,0.85684,0.88888,0.60999,0.58503,0.58133,0.25743,2.01427,1.70365,1.16305,0.0002897,0.0002897,0.0002897
196,508.539,1.27117,0.72162,0.86438,0.81099,0.5602,0.61149,0.25642,2.01988,1.69405,1.19001,0.00028475,0.00028475,0.00028475
197,511.293,1.26035,0.7745,0.89198,0.76606,0.54494,0.59925,0.26939,2.05233,1.76182,1.20675,0.0002798,0.0002798,0.0002798
198,513.884,1.30805,0.79861,0.90097,0.7821,0.55127,0.63449,0.28714,1.98055,1.726,1.15424,0.00027485,0.00027485,0.00027485
199,516.45,1.41233,0.81483,0.89451,0.78428,0.5448,0.64837,0.3091,2.00417,1.71112,1.17511,0.0002699,0.0002699,0.0002699
200,519.028,1.34161,0.76998,0.9292,0.80954,0.56179,0.61366,0.28159,2.04036,1.74314,1.21076,0.00026495,0.00026495,0.00026495
201,521.58,1.35642,0.75254,0.88311,0.70889,0.62038,0.62967,0.29191,1.97699,1.60071,1.18667,0.00026,0.00026,0.00026
202,524.085,1.26094,0.73241,0.88299,0.6741,0.61649,0.63515,0.28554,1.96956,1.5209,1.18711,0.00025505,0.00025505,0.00025505
203,526.567,1.38025,0.7675,0.88583,0.80852,0.57905,0.63497,0.2862,1.99426,1.50244,1.20395,0.0002501,0.0002501,0.0002501
204,529.139,1.37276,0.79322,0.89453,0.80578,0.58798,0.63502,0.27635,2.00304,1.58241,1.20941,0.00024515,0.00024515,0.00024515
205,531.642,1.4379,0.73927,0.89771,0.52156,0.60774,0.55992,0.24915,2.01298,1.68495,1.22951,0.0002402,0.0002402,0.0002402
206,534.2,1.3711,0.79844,0.89324,0.6164,0.59691,0.58718,0.25944,2.00231,1.71721,1.20665,0.00023525,0.00023525,0.00023525
207,536.871,1.23493,0.71801,0.85339,0.55439,0.57905,0.55668,0.24436,2.00664,1.63108,1.1757,0.0002303,0.0002303,0.0002303
208,539.398,1.41126,0.80563,0.89991,0.58889,0.60877,0.58299,0.24838,2.0579,1.64066,1.1922,0.00022535,0.00022535,0.00022535
209,541.934,1.25474,0.72281,0.85012,0.57007,0.60825,0.57859,0.24885,1.99297,1.66965,1.14653,0.0002204,0.0002204,0.0002204
210,544.424,1.24536,0.69796,0.85732,0.63102,0.61465,0.61354,0.25778,1.95343,1.66977,1.09996,0.00021545,0.00021545,0.00021545
211,546.913,1.3009,0.77119,0.88646,0.66007,0.57746,0.59873,0.24985,1.97174,1.71281,1.12162,0.0002105,0.0002105,0.0002105
212,549.474,1.17024,0.7423,0.87027,0.71113,0.58239,0.59429,0.26309,1.95639,1.66865,1.12548,0.00020555,0.00020555,0.00020555
213,551.994,1.24019,0.68488,0.85118,0.6772,0.58252,0.59779,0.26368,1.96873,1.67073,1.13987,0.0002006,0.0002006,0.0002006
214,554.49,1.32308,0.73846,0.88378,0.65069,0.58798,0.60041,0.26519,2.00815,1.68894,1.18677,0.00019565,0.00019565,0.00019565
215,557.027,1.29893,0.71081,0.87416,0.68285,0.5822,0.59229,0.26226,2.04283,1.65618,1.21573,0.0001907,0.0001907,0.0001907
216,559.691,1.32801,0.74749,0.90442,0.64209,0.60603,0.58082,0.27087,2.01857,1.63126,1.22926,0.00018575,0.00018575,0.00018575
217,562.203,1.33831,0.75417,0.87849,0.59014,0.61312,0.58067,0.26997,1.96955,1.63223,1.19384,0.0001808,0.0001808,0.0001808
218,564.723,1.39844,0.83723,0.91536,0.55816,0.60773,0.56108,0.24185,2.00047,1.6277,1.21101,0.00017585,0.00017585,0.00017585
219,567.252,1.35043,0.7709,0.85289,0.55393,0.58798,0.56314,0.24865,1.99868,1.60483,1.21861,0.0001709,0.0001709,0.0001709
220,569.781,1.26023,0.71018,0.88744,0.61212,0.58441,0.59822,0.2605,2.00907,1.56695,1.23492,0.00016595,0.00016595,0.00016595
221,572.467,1.28896,0.69851,0.85741,0.56615,0.63019,0.61755,0.27166,1.99913,1.53696,1.22287,0.000161,0.000161,0.000161
222,575.063,1.1637,0.6549,0.82127,0.5745,0.63101,0.61774,0.28112,1.95988,1.51419,1.20013,0.00015605,0.00015605,0.00015605
223,577.613,1.31076,0.69071,0.89464,0.58612,0.62219,0.62171,0.2773,1.95129,1.53604,1.19387,0.0001511,0.0001511,0.0001511
224,580.129,1.27422,0.67952,0.8674,0.61479,0.59729,0.61281,0.28365,1.93031,1.58292,1.18026,0.00014615,0.00014615,0.00014615
225,582.778,1.39868,0.77052,0.88809,0.59999,0.62135,0.60521,0.27492,1.95391,1.60876,1.17862,0.0001412,0.0001412,0.0001412
226,585.28,1.26584,0.73969,0.87595,0.60913,0.61754,0.62254,0.28609,1.94289,1.63245,1.16782,0.00013625,0.00013625,0.00013625
227,587.804,1.36442,0.76394,0.89726,0.59604,0.60076,0.61638,0.28044,1.95148,1.59395,1.16523,0.0001313,0.0001313,0.0001313
228,590.374,1.34968,0.75535,0.87526,0.62092,0.64072,0.62185,0.27886,1.98705,1.56497,1.19282,0.00012635,0.00012635,0.00012635
229,592.899,1.15352,0.76185,0.89497,0.63462,0.62469,0.63775,0.29122,1.97927,1.52543,1.21829,0.0001214,0.0001214,0.0001214
230,595.441,1.3271,0.92947,0.89657,0.66528,0.6331,0.66827,0.30643,1.95829,1.45659,1.21528,0.00011645,0.00011645,0.00011645
231,597.982,1.24756,0.69733,0.87909,0.63221,0.67664,0.66844,0.30771,1.94835,1.43111,1.21016,0.0001115,0.0001115,0.0001115
232,600.477,1.17287,0.68094,0.85238,0.60797,0.66139,0.66824,0.30473,1.99353,1.51947,1.22188,0.00010655,0.00010655,0.00010655
233,602.992,1.29861,0.7262,0.88994,0.60408,0.64532,0.644,0.28658,1.97376,1.58536,1.19503,0.0001016,0.0001016,0.0001016
234,605.477,1.20074,0.72626,0.88729,0.57907,0.62871,0.6376,0.29859,1.95293,1.64258,1.20623,9.665e-05,9.665e-05,9.665e-05
235,608.136,1.29929,0.67105,0.86951,0.62059,0.65313,0.63305,0.29327,1.94714,1.62171,1.20678,9.17e-05,9.17e-05,9.17e-05
236,610.66,1.19057,0.67918,0.85575,0.59269,0.60396,0.61572,0.27307,1.98273,1.66928,1.21158,8.675e-05,8.675e-05,8.675e-05
237,613.203,1.32178,0.7365,0.90331,0.60081,0.60932,0.63697,0.29132,1.94557,1.62724,1.19638,8.18e-05,8.18e-05,8.18e-05
238,615.744,1.09227,0.67777,0.84214,0.6173,0.61034,0.63996,0.29971,1.93111,1.60023,1.19095,7.685e-05,7.685e-05,7.685e-05
239,618.276,1.2223,0.69659,0.90611,0.61807,0.63068,0.64449,0.29983,1.91868,1.579,1.17679,7.19e-05,7.19e-05,7.19e-05
240,620.809,1.22545,0.7419,0.92035,0.64792,0.65647,0.64863,0.30502,1.91773,1.51087,1.163,6.695e-05,6.695e-05,6.695e-05
241,624.255,1.24944,0.71235,0.87822,0.62239,0.61126,0.65278,0.31009,1.91695,1.46031,1.14656,6.2e-05,6.2e-05,6.2e-05
242,626.802,1.18791,0.67631,0.8777,0.61304,0.59691,0.63973,0.30775,1.91941,1.4767,1.1531,5.705e-05,5.705e-05,5.705e-05
243,629.444,1.13981,0.61489,0.82948,0.63732,0.61596,0.64332,0.30888,1.9128,1.52085,1.16036,5.21e-05,5.21e-05,5.21e-05
244,632.166,1.18151,0.63826,0.8292,0.59215,0.62469,0.63482,0.30367,1.9132,1.56539,1.16928,4.715e-05,4.715e-05,4.715e-05
245,634.692,1.26794,0.65405,0.89079,0.58172,0.60986,0.63824,0.30852,1.93737,1.61031,1.18292,4.22e-05,4.22e-05,4.22e-05
246,637.161,1.26753,0.68094,0.84841,0.5941,0.6115,0.64581,0.30522,1.96106,1.62681,1.18939,3.725e-05,3.725e-05,3.725e-05
247,639.668,1.213,0.64588,0.85465,0.59226,0.61713,0.63532,0.30348,1.97466,1.65622,1.2079,3.23e-05,3.23e-05,3.23e-05
248,642.207,1.21494,0.6698,0.85132,0.59342,0.61346,0.64273,0.30757,1.98549,1.67338,1.22975,2.735e-05,2.735e-05,2.735e-05
249,644.718,1.20627,0.71493,0.88137,0.5999,0.61399,0.64229,0.31121,1.98398,1.64188,1.22775,2.24e-05,2.24e-05,2.24e-05
250,647.238,1.10529,0.60097,0.84205,0.60133,0.615,0.64378,0.31038,1.97587,1.63896,1.22624,1.745e-05,1.745e-05,1.745e-05
